{
    "version": 4,
    "name": "Ender-3 Max Neo",
    "inherits": "fdmprinter.json",
    "metadata": {
        "author": "Cura",
        "manufacturer": "Creality",
        "file_formats": "text/x-gcode",
        "platform": "creality",
        "visible": true
    },
    "overrides": {
        "machine_name": { "default_value": "Ender-3 Max Neo" },
        "machine_width": { "default_value": 300 },
        "machine_depth": { "default_value": 300 },
        "machine_height": { "default_value": 340 },
        "machine_nozzle_size": { "default_value": 0.4 },
        "machine_filament_diameter": { "default_value": 1.75 },
        "machine_max_temperature": { "default_value": 260 },
        "machine_bed_max_temperature": { "default_value": 110 },
        "machine_center_is_zero": { "default_value": false },
        "machine_nozzle_heat_up_speed": { "default_value": 1.5 },
        "machine_bed_heat_up_speed": { "default_value": 0.5 },
        "machine_extruder_count": { "default_value": 1 },
        "material_shrinkage_percentage_z": { "default_value": 0 },
        "material_shrinkage_percentage_x": { "default_value": 0 },
        "material_shrinkage_percentage_y": { "default_value": 0 }
    }
}