{
    "version": 4,
    "name": "FDM Printer",
    "inherits": "",
    "metadata": {
        "author": "Cura",
        "file_formats": "text/x-gcode",
        "visible": true
    },
    "overrides": {
        "machine_name": { "default_value": "Generic FDM Printer" },
        "machine_width": { "default_value": 200 },
        "machine_depth": { "default_value": 200 },
        "machine_height": { "default_value": 200 },
        "machine_nozzle_size": { "default_value": 0.4 },
        "machine_filament_diameter": { "default_value": 1.75 },
        "machine_max_temperature": { "default_value": 250 },
        "machine_bed_max_temperature": { "default_value": 100 },
        "machine_center_is_zero": { "default_value": false },
        "machine_nozzle_heat_up_speed": { "default_value": 1.5 },
        "machine_bed_heat_up_speed": { "default_value": 0.5 },
        "machine_extruder_count": { "default_value": 1 },
        "material_shrinkage_percentage_z": { "default_value": 0 },
        "material_shrinkage_percentage_x": { "default_value": 0 },
        "material_shrinkage_percentage_y": { "default_value": 0 }
    }
}